index_dec,index_hex,group,char,source
389,185,derived,詳,vote:ps1_parallel_pairs
390,186,derived,細,vote:ps1_parallel_pairs
391,187,derived,契,vote:ps1_parallel_pairs
392,188,derived,約,vote:ps1_parallel_pairs
393,189,derived,毒,vote:ps1_parallel_pairs
394,18A,derived,化,vote:ps1_parallel_pairs
395,18B,derived,発,vote:ps1_parallel_pairs
396,18C,derived,済,vote:ps1_parallel_pairs
397,18D,derived,切,vote:ps1_parallel_pairs
398,18E,derived,見,vote:ps1_parallel_pairs
399,18F,derived,進,vote:ps1_parallel_pairs
400,190,derived,戻,vote:ps1_parallel_pairs
401,191,derived,表,vote:ps1_parallel_pairs
402,192,derived,名,vote:ps1_parallel_pairs
403,193,derived,前,vote:ps1_parallel_pairs
405,195,derived,内,vote:ps1_parallel_pairs
407,197,derived,活,vote:ps1_parallel_pairs
408,198,derived,躍,vote:ps1_parallel_pairs
409,199,derived,撤,vote:ps1_parallel_pairs
412,19C,derived,葉,vote:ps1_parallel_pairs
413,19D,derived,子,vote:ps1_parallel_pairs
414,19E,derived,水,vote:ps1_parallel_pairs
417,1A1,derived,実,vote:ps1_parallel_pairs
418,1A2,derived,岩,vote:ps1_parallel_pairs
419,1A3,derived,永,vote:ps1_parallel_pairs
422,1A6,derived,川,vote:ps1_parallel_pairs
423,1A7,derived,緑,vote:ps1_parallel_pairs
424,1A8,derived,光,vote:ps1_parallel_pairs
425,1A9,derived,小,vote:ps1_parallel_pairs
432,1B0,derived,富,vote:ps1_parallel_pairs
434,1B2,derived,美,vote:ps1_parallel_pairs
436,1B4,derived,恵,vote:ps1_parallel_pairs
439,1B7,derived,真,vote:ps1_parallel_pairs
440,1B8,derived,千,vote:ps1_parallel_pairs
441,1B9,derived,安,vote:ps1_parallel_pairs
443,1BB,derived,邦,vote:ps1_parallel_pairs
446,1BE,derived,岸,vote:ps1_parallel_pairs
447,1BF,derived,野,vote:ps1_parallel_pairs
448,1C0,derived,幸,vote:ps1_parallel_pairs
449,1C1,derived,増,vote:ps1_parallel_pairs
450,1C2,derived,谷,vote:ps1_parallel_pairs
454,1C6,derived,太,vote:ps1_parallel_pairs
455,1C7,derived,皆,vote:ps1_parallel_pairs
456,1C8,derived,口,vote:ps1_parallel_pairs
460,1CC,derived,郎,vote:ps1_parallel_pairs
461,1CD,derived,福,vote:ps1_parallel_pairs
462,1CE,derived,山,vote:ps1_parallel_pairs
464,1D0,derived,島,vote:ps1_parallel_pairs
467,1D3,derived,渡,vote:ps1_parallel_pairs
468,1D4,derived,辺,vote:ps1_parallel_pairs
469,1D5,derived,和,vote:ps1_parallel_pairs
470,1D6,derived,生,vote:ps1_parallel_pairs
471,1D7,derived,久,vote:ps1_parallel_pairs
474,1DA,derived,林,vote:ps1_parallel_pairs
475,1DB,derived,夫,vote:ps1_parallel_pairs
476,1DC,derived,愛,vote:ps1_parallel_pairs
477,1DD,derived,満,vote:ps1_parallel_pairs
478,1DE,derived,仲,vote:ps1_parallel_pairs
479,1DF,derived,由,vote:ps1_parallel_pairs
480,1E0,derived,西,vote:ps1_parallel_pairs
482,1E2,derived,保,vote:ps1_parallel_pairs
484,1E4,derived,本,vote:ps1_parallel_pairs
490,1EA,derived,収,vote:ps1_parallel_pairs
491,1EB,derived,神,vote:ps1_parallel_pairs
493,1ED,derived,史,vote:ps1_parallel_pairs
494,1EE,derived,準,vote:ps1_parallel_pairs
495,1EF,derived,存,vote:ps1_parallel_pairs
497,1F1,derived,理,vote:ps1_parallel_pairs
498,1F2,derived,画,vote:ps1_parallel_pairs
499,1F3,derived,記,vote:ps1_parallel_pairs
500,1F4,derived,録,vote:ps1_parallel_pairs
501,1F5,derived,押,vote:ps1_parallel_pairs
502,1F6,derived,新,vote:ps1_parallel_pairs
503,1F7,derived,規,vote:ps1_parallel_pairs
504,1F8,derived,充,vote:ps1_parallel_pairs
505,1F9,derived,分,vote:ps1_parallel_pairs
506,1FA,derived,空,vote:ps1_parallel_pairs
507,1FB,derived,容,vote:ps1_parallel_pairs
508,1FC,derived,必,vote:ps1_parallel_pairs
509,1FD,derived,要,vote:ps1_parallel_pairs
510,1FE,derived,各,vote:ps1_parallel_pairs
511,1FF,derived,場,vote:ps1_parallel_pairs
512,200,derived,合,vote:ps1_parallel_pairs
513,201,derived,事,vote:ps1_parallel_pairs
514,202,derived,読,vote:ps1_parallel_pairs
515,203,derived,込,vote:ps1_parallel_pairs
516,204,derived,直,vote:ps1_parallel_pairs
518,206,derived,注,vote:ps1_parallel_pairs
519,207,derived,意,vote:ps1_parallel_pairs
520,208,derived,途,vote:ps1_parallel_pairs
521,209,derived,作,vote:ps1_parallel_pairs
522,20A,derived,限,vote:ps1_parallel_pairs
523,20B,derived,成,vote:ps1_parallel_pairs
524,20C,derived,今,vote:ps1_parallel_pairs
525,20D,derived,元,vote:ps1_parallel_pairs
526,20E,derived,帥,vote:ps1_parallel_pairs
528,210,derived,将,vote:ps1_parallel_pairs
529,211,derived,軍,vote:ps1_parallel_pairs
530,212,derived,謀,vote:ps1_parallel_pairs
531,213,derived,皇,vote:ps1_parallel_pairs
532,214,derived,帝,vote:ps1_parallel_pairs
533,215,derived,大,vote:ps1_parallel_pairs
534,216,derived,司,vote:ps1_parallel_pairs
535,217,derived,教,vote:ps1_parallel_pairs
536,218,derived,娘,vote:ps1_parallel_pairs
537,219,derived,公,vote:ps1_parallel_pairs
538,21A,derived,爵,vote:ps1_parallel_pairs
539,21B,derived,巨,vote:ps1_parallel_pairs
540,21C,derived,宰,vote:ps1_parallel_pairs
541,21D,derived,相,vote:ps1_parallel_pairs
542,21E,derived,副,vote:ps1_parallel_pairs
543,21F,derived,女,vote:ps1_parallel_pairs
544,220,derived,王,vote:ps1_parallel_pairs
545,221,derived,提,vote:ps1_parallel_pairs
546,222,derived,督,vote:ps1_parallel_pairs
547,223,derived,闇,vote:ps1_parallel_pairs
548,224,derived,変,vote:ps1_parallel_pairs
549,225,derived,幻,vote:ps1_parallel_pairs
550,226,derived,死,vote:ps1_parallel_pairs
551,227,derived,人,vote:ps1_parallel_pairs
552,228,derived,長,vote:ps1_parallel_pairs
553,229,derived,母,vote:ps1_parallel_pairs
554,22A,derived,親,vote:ps1_parallel_pairs
555,22B,derived,村,vote:ps1_parallel_pairs
556,22C,derived,術,vote:ps1_parallel_pairs
557,22D,derived,師,vote:ps1_parallel_pairs
558,22E,derived,総,vote:ps1_parallel_pairs
559,22F,derived,祭,vote:ps1_parallel_pairs
561,231,derived,般,vote:ps1_parallel_pairs
562,232,derived,連,vote:ps1_parallel_pairs
563,233,derived,兄,vote:ps1_parallel_pairs
564,234,derived,貴,vote:ps1_parallel_pairs
565,235,derived,徴,vote:ps1_parallel_pairs
566,236,derived,税,vote:ps1_parallel_pairs
567,237,derived,国,vote:ps1_parallel_pairs
568,238,derived,団,vote:ps1_parallel_pairs
569,239,derived,同,vote:ps1_parallel_pairs
570,23A,derived,盟,vote:ps1_parallel_pairs
571,23B,derived,執,vote:ps1_parallel_pairs
572,23C,derived,町,vote:ps1_parallel_pairs
573,23D,derived,怨,vote:ps1_parallel_pairs
574,23E,derived,霊,vote:ps1_parallel_pairs
575,23F,derived,侯,vote:ps1_parallel_pairs
576,240,derived,護,vote:ps1_parallel_pairs
577,241,derived,衛,vote:ps1_parallel_pairs
578,242,derived,市,vote:ps1_parallel_pairs
579,243,derived,民,vote:ps1_parallel_pairs
580,244,derived,守,vote:ps1_parallel_pairs
581,245,derived,看,vote:ps1_parallel_pairs
582,246,derived,伝,vote:ps1_parallel_pairs
583,247,derived,警,vote:ps1_parallel_pairs
584,248,derived,技,vote:ps1_parallel_pairs
585,249,derived,店,vote:ps1_parallel_pairs
586,24A,derived,員,vote:ps1_parallel_pairs
587,24B,derived,族,vote:ps1_parallel_pairs
588,24C,derived,三,vote:ps1_parallel_pairs
589,24D,derived,最,vote:ps1_parallel_pairs
590,24E,derived,基,vote:ps1_parallel_pairs
591,24F,derived,的,vote:ps1_parallel_pairs
592,250,derived,槍,vote:ps1_parallel_pairs
593,251,derived,対,vote:ps1_parallel_pairs
594,252,derived,有,vote:ps1_parallel_pairs
595,253,derived,騎,vote:ps1_parallel_pairs
596,254,derived,馬,vote:ps1_parallel_pairs
597,255,derived,重,vote:ps1_parallel_pairs
598,256,derived,歩,vote:ps1_parallel_pairs
599,257,derived,比,vote:ps1_parallel_pairs
600,258,derived,厳,vote:ps1_parallel_pairs
602,25A,derived,練,vote:ps1_parallel_pairs
603,25B,derived,受,vote:ps1_parallel_pairs
604,25C,derived,非,vote:ps1_parallel_pairs
605,25D,derived,誇,vote:ps1_parallel_pairs
608,260,derived,男,vote:ps1_parallel_pairs
609,261,derived,種,vote:ps1_parallel_pairs
610,262,derived,素,vote:ps1_parallel_pairs
611,263,derived,早,vote:ps1_parallel_pairs
612,264,derived,得,vote:ps1_parallel_pairs
613,265,derived,身,vote:ps1_parallel_pairs
614,266,derived,越,vote:ps1_parallel_pairs
615,267,derived,肉,vote:ps1_parallel_pairs
616,268,derived,食,vote:ps1_parallel_pairs
617,269,derived,性,vote:ps1_parallel_pairs
618,26A,derived,鈍,vote:ps1_parallel_pairs
619,26B,derived,破,vote:ps1_parallel_pairs
620,26C,derived,壊,vote:ps1_parallel_pairs
621,26D,derived,怪,vote:ps1_parallel_pairs
622,26E,derived,恐,vote:ps1_parallel_pairs
623,26F,derived,驚,vote:ps1_parallel_pairs
624,270,derived,異,vote:ps1_parallel_pairs
625,271,derived,解,vote:ps1_parallel_pairs
627,273,derived,造,vote:ps1_parallel_pairs
628,274,derived,言,vote:ps1_parallel_pairs
629,275,derived,家,vote:ps1_parallel_pairs
630,276,derived,全,vote:ps1_parallel_pairs
631,277,derived,等,vote:ps1_parallel_pairs
632,278,derived,働,vote:ps1_parallel_pairs
633,279,derived,悪,vote:ps1_parallel_pairs
634,27A,derived,漢,vote:ps1_parallel_pairs
635,27B,derived,己,vote:ps1_parallel_pairs
636,27C,derived,桂,vote:ps1_parallel_pairs
637,27D,derived,以,vote:ps1_parallel_pairs
639,27F,derived,集,vote:ps1_parallel_pairs
640,280,derived,骨,vote:ps1_parallel_pairs
641,281,derived,仕,vote:ps1_parallel_pairs
642,282,derived,積,vote:ps1_parallel_pairs
643,283,derived,滅,vote:ps1_parallel_pairs
644,284,derived,聖,vote:ps1_parallel_pairs
645,285,derived,職,vote:ps1_parallel_pairs
646,286,derived,僧,vote:ps1_parallel_pairs
647,287,derived,近,vote:ps1_parallel_pairs
648,288,derived,向,vote:ps1_parallel_pairs
650,28A,derived,陸,vote:ps1_parallel_pairs
651,28B,derived,適,vote:ps1_parallel_pairs
652,28C,derived,住,vote:ps1_parallel_pairs
653,28D,derived,凶,vote:ps1_parallel_pairs
654,28E,derived,暴,vote:ps1_parallel_pairs
655,28F,derived,格,vote:ps1_parallel_pairs
656,290,derived,危,vote:ps1_parallel_pairs
657,291,derived,険,vote:ps1_parallel_pairs
658,292,derived,獲,vote:ps1_parallel_pairs
659,293,derived,物,vote:ps1_parallel_pairs
660,294,derived,襲,vote:ps1_parallel_pairs
661,295,derived,弓,vote:ps1_parallel_pairs
664,298,derived,姿,vote:ps1_parallel_pairs
666,29A,derived,黒,vote:ps1_parallel_pairs
667,29B,derived,扱,vote:ps1_parallel_pairs
668,29C,derived,弱,vote:ps1_parallel_pairs
669,29D,derived,森,vote:ps1_parallel_pairs
670,29E,derived,慣,vote:ps1_parallel_pairs
671,29F,derived,多,vote:ps1_parallel_pairs
672,2A0,derived,耐,vote:ps1_parallel_pairs
673,2A1,derived,械,vote:ps1_parallel_pairs
674,2A2,derived,掛,vote:ps1_parallel_pairs
675,2A3,derived,膏,vote:ps1_parallel_pairs
676,2A4,derived,威,vote:ps1_parallel_pairs
677,2A5,derived,射,vote:ps1_parallel_pairs
678,2A6,derived,程,vote:ps1_parallel_pairs
679,2A7,derived,反,vote:ps1_parallel_pairs
680,2A8,derived,難,vote:ps1_parallel_pairs
681,2A9,derived,距,vote:ps1_parallel_pairs
682,2AA,derived,離,vote:ps1_parallel_pairs
683,2AB,derived,弾,vote:ps1_parallel_pairs
684,2AC,derived,飛,vote:ps1_parallel_pairs
685,2AD,derived,簡,vote:ps1_parallel_pairs
686,2AE,derived,単,vote:ps1_parallel_pairs
687,2AF,derived,半,vote:ps1_parallel_pairs
688,2B0,derived,短,vote:ps1_parallel_pairs
689,2B1,derived,補,vote:ps1_parallel_pairs
690,2B2,derived,抜,vote:ps1_parallel_pairs
692,2B4,derived,組,vote:ps1_parallel_pairs
693,2B5,derived,織,vote:ps1_parallel_pairs
695,2B7,derived,触,vote:ps1_parallel_pairs
696,2B8,derived,然,vote:ps1_parallel_pairs
697,2B9,derived,形,vote:ps1_parallel_pairs
698,2BA,derived,獄,vote:ps1_parallel_pairs
699,2BB,derived,番,vote:ps1_parallel_pairs
701,2BD,derived,呼,vote:ps1_parallel_pairs
706,2C2,derived,型,vote:ps1_parallel_pairs
707,2C3,derived,援,vote:ps1_parallel_pairs
708,2C4,derived,背,vote:ps1_parallel_pairs
709,2C5,derived,羽,vote:ps1_parallel_pairs
710,2C6,derived,根,vote:ps1_parallel_pairs
711,2C7,derived,天,vote:ps1_parallel_pairs
712,2C8,derived,謎,vote:ps1_parallel_pairs
713,2C9,derived,希,vote:ps1_parallel_pairs
714,2CA,derived,望,vote:ps1_parallel_pairs
716,2CC,derived,古,vote:ps1_parallel_pairs
717,2CD,derived,像,vote:ps1_parallel_pairs
718,2CE,derived,似,vote:ps1_parallel_pairs
719,2CF,derived,挑,vote:ps1_parallel_pairs
720,2D0,derived,妖,vote:ps1_parallel_pairs
721,2D1,derived,精,vote:ps1_parallel_pairs
722,2D2,derived,外,vote:ps1_parallel_pairs
723,2D3,derived,捕,vote:ps1_parallel_pairs
724,2D4,derived,級,vote:ps1_parallel_pairs
725,2D5,derived,類,vote:ps1_parallel_pairs
726,2D6,derived,夢,vote:ps1_parallel_pairs
727,2D7,derived,並,vote:ps1_parallel_pairs
728,2D8,derived,翼,vote:ps1_parallel_pairs
729,2D9,derived,障,vote:ps1_parallel_pairs
730,2DA,derived,害,vote:ps1_parallel_pairs
731,2DB,derived,影,vote:ps1_parallel_pairs
732,2DC,derived,響,vote:ps1_parallel_pairs
733,2DD,derived,純,vote:ps1_parallel_pairs
734,2DE,derived,世,vote:ps1_parallel_pairs
735,2DF,derived,念,vote:ps1_parallel_pairs
736,2E0,derived,視,vote:ps1_parallel_pairs
739,2E3,derived,潜,vote:ps1_parallel_pairs
740,2E4,derived,激,vote:ps1_parallel_pairs
741,2E5,derived,憎,vote:ps1_parallel_pairs
742,2E6,derived,邪,vote:ps1_parallel_pairs
743,2E7,derived,呪,vote:ps1_parallel_pairs
744,2E8,derived,与,vote:ps1_parallel_pairs
745,2E9,derived,赤,vote:ps1_parallel_pairs
746,2EA,derived,熱,vote:ps1_parallel_pairs
747,2EB,derived,炎,vote:ps1_parallel_pairs
749,2ED,derived,雪,vote:ps1_parallel_pairs
750,2EE,derived,白,vote:ps1_parallel_pairs
751,2EF,derived,瞬,vote:ps1_parallel_pairs
754,2F2,derived,気,vote:ps1_parallel_pairs
756,2F4,derived,吸,vote:ps1_parallel_pairs
757,2F5,derived,原,vote:ps1_parallel_pairs
758,2F6,derived,付,vote:ps1_parallel_pairs
759,2F7,derived,火,vote:ps1_parallel_pairs
760,2F8,derived,突,vote:ps1_parallel_pairs
761,2F9,derived,給,vote:ps1_parallel_pairs
762,2FA,derived,資,vote:ps1_parallel_pairs
763,2FB,derived,運,vote:ps1_parallel_pairs
764,2FC,derived,携,vote:ps1_parallel_pairs
766,2FE,derived,旅,vote:ps1_parallel_pairs
767,2FF,derived,靴,vote:ps1_parallel_pairs
768,300,derived,片,vote:ps1_parallel_pairs
769,301,derived,価,vote:ps1_parallel_pairs
770,302,derived,流,vote:ps1_parallel_pairs
771,303,derived,殊,vote:ps1_parallel_pairs
772,304,derived,剣,vote:ps1_parallel_pairs
773,305,derived,側,vote:ps1_parallel_pairs
774,306,derived,鉄,vote:ps1_parallel_pairs
775,307,derived,味,vote:ps1_parallel_pairs
776,308,derived,鋭,vote:ps1_parallel_pairs
777,309,derived,刀,vote:ps1_parallel_pairs
778,30A,derived,波,vote:ps1_parallel_pairs
779,30B,derived,殺,vote:ps1_parallel_pairs
780,30C,derived,傷,vote:ps1_parallel_pairs
781,30D,derived,施,vote:ps1_parallel_pairs
782,30E,derived,彫,vote:ps1_parallel_pairs
783,30F,derived,刻,vote:ps1_parallel_pairs
785,311,derived,品,vote:ps1_parallel_pairs
786,312,derived,感,vote:ps1_parallel_pairs
787,313,derived,星,vote:ps1_parallel_pairs
788,314,derived,恥,vote:ps1_parallel_pairs
789,315,derived,倒,vote:ps1_parallel_pairs
790,316,derived,経,vote:ps1_parallel_pairs
791,317,derived,験,vote:ps1_parallel_pairs
792,318,derived,倍,vote:ps1_parallel_pairs
793,319,derived,苦,vote:ps1_parallel_pairs
794,31A,derived,段,vote:ps1_parallel_pairs
796,31C,derived,頃,vote:ps1_parallel_pairs
797,31D,derived,初,vote:ps1_parallel_pairs
798,31E,derived,心,vote:ps1_parallel_pairs
799,31F,derived,両,vote:ps1_parallel_pairs
800,320,derived,幅,vote:ps1_parallel_pairs
801,321,derived,広,vote:ps1_parallel_pairs
802,322,derived,繰,vote:ps1_parallel_pairs
803,323,derived,鎧,vote:ps1_parallel_pairs
805,325,derived,砕,vote:ps1_parallel_pairs
806,326,derived,銀,vote:ps1_parallel_pairs
807,327,derived,斬,vote:ps1_parallel_pairs
809,329,derived,操,vote:ps1_parallel_pairs
810,32A,derived,柄,vote:ps1_parallel_pairs
811,32B,derived,雷,vote:ps1_parallel_pairs
812,32C,derived,印,vote:ps1_parallel_pairs
813,32D,derived,血,vote:ps1_parallel_pairs
814,32E,derived,鍛,vote:ps1_parallel_pairs
815,32F,derived,刃,vote:ps1_parallel_pairs
816,330,derived,堡,vote:ps1_parallel_pairs
818,332,derived,説,vote:ps1_parallel_pairs
822,336,derived,竜,vote:ps1_parallel_pairs
823,337,derived,模,vote:ps1_parallel_pairs
824,338,derived,様,vote:ps1_parallel_pairs
825,339,derived,英,vote:ps1_parallel_pairs
826,33A,derived,雄,vote:ps1_parallel_pairs
827,33B,derived,代,vote:ps1_parallel_pairs
828,33C,derived,文,vote:ps1_parallel_pairs
829,33D,derived,明,vote:ps1_parallel_pairs
830,33E,derived,式,vote:ps1_parallel_pairs
831,33F,derived,砲,vote:ps1_parallel_pairs
832,340,derived,日,vote:ps1_parallel_pairs
833,341,derived,沌,vote:ps1_parallel_pairs
834,342,derived,暗,vote:ps1_parallel_pairs
835,343,derived,支,vote:ps1_parallel_pairs
836,344,derived,減,vote:ps1_parallel_pairs
837,345,derived,輝,vote:ps1_parallel_pairs
838,346,derived,争,vote:ps1_parallel_pairs
840,348,derived,狩,vote:ps1_parallel_pairs
842,34A,derived,考,vote:ps1_parallel_pairs
843,34B,derived,欠,vote:ps1_parallel_pairs
844,34C,derived,振,vote:ps1_parallel_pairs
845,34D,derived,狂,vote:ps1_parallel_pairs
846,34E,derived,怖,vote:ps1_parallel_pairs
847,34F,derived,沈,vote:ps1_parallel_pairs
848,350,derived,黙,vote:ps1_parallel_pairs
849,351,derived,錬,vote:ps1_parallel_pairs
850,352,derived,道,vote:ps1_parallel_pairs
851,353,derived,喜,vote:ps1_parallel_pairs
852,354,derived,木,vote:ps1_parallel_pairs
853,355,derived,工,vote:ps1_parallel_pairs
854,356,derived,打,vote:ps1_parallel_pairs
856,358,derived,鎖,vote:ps1_parallel_pairs
857,359,derived,製,vote:ps1_parallel_pairs
861,35D,derived,割,vote:ps1_parallel_pairs
862,35E,derived,昇,vote:ps1_parallel_pairs
863,35F,derived,逆,vote:ps1_parallel_pairs
864,360,derived,少,vote:ps1_parallel_pairs
866,362,derived,来,vote:ps1_parallel_pairs
867,363,derived,投,vote:ps1_parallel_pairs
868,364,derived,主,vote:ps1_parallel_pairs
869,365,derived,落,vote:ps1_parallel_pairs
870,366,derived,乗,vote:ps1_parallel_pairs
872,368,derived,貫,vote:ps1_parallel_pairs
873,369,derived,丈,vote:ps1_parallel_pairs
875,36B,derived,叩,vote:ps1_parallel_pairs
876,36C,derived,尽,vote:ps1_parallel_pairs
878,36E,derived,遠,vote:ps1_parallel_pairs
879,36F,derived,灼,vote:ps1_parallel_pairs
880,370,derived,吹,vote:ps1_parallel_pairs
881,371,derived,風,vote:ps1_parallel_pairs
882,372,derived,求,vote:ps1_parallel_pairs
883,373,derived,兆,vote:ps1_parallel_pairs
884,374,derived,負,vote:ps1_parallel_pairs
885,375,derived,助,vote:ps1_parallel_pairs
886,376,derived,役,vote:ps1_parallel_pairs
887,377,derived,杖,vote:ps1_parallel_pairs
888,378,derived,習,vote:ps1_parallel_pairs
889,379,derived,端,vote:ps1_parallel_pairs
890,37A,derived,晶,vote:ps1_parallel_pairs
891,37B,derived,眠,vote:ps1_parallel_pairs
892,37C,derived,息,vote:ps1_parallel_pairs
893,37D,derived,癒,vote:ps1_parallel_pairs
894,37E,derived,秘,vote:ps1_parallel_pairs
895,37F,derived,引,vote:ps1_parallel_pairs
898,382,derived,楽,vote:ps1_parallel_pairs
899,383,derived,絞,vote:ps1_parallel_pairs
900,384,derived,昔,vote:ps1_parallel_pairs
901,385,derived,方,vote:ps1_parallel_pairs
902,386,derived,月,vote:ps1_parallel_pairs
903,387,derived,放,vote:ps1_parallel_pairs
904,388,derived,矢,vote:ps1_parallel_pairs
905,389,derived,宿,vote:ps1_parallel_pairs
906,38A,derived,許,vote:ps1_parallel_pairs
908,38C,derived,溝,vote:ps1_parallel_pairs
909,38D,derived,損,vote:ps1_parallel_pairs
910,38E,derived,功,vote:ps1_parallel_pairs
911,38F,derived,（,vote:ps1_parallel_pairs
912,390,derived,含,vote:ps1_parallel_pairs
913,391,derived,）,vote:ps1_parallel_pairs
915,393,derived,著,vote:ps1_parallel_pairs
916,394,derived,遥,vote:ps1_parallel_pairs
918,396,derived,座,vote:ps1_parallel_pairs
925,39D,derived,信,vote:ps1_parallel_pairs
926,39E,derived,授,vote:ps1_parallel_pairs
927,39F,derived,折,vote:ps1_parallel_pairs
928,3A0,derived,奇,vote:ps1_parallel_pairs
929,3A1,derived,跡,vote:ps1_parallel_pairs
930,3A2,derived,編,vote:ps1_parallel_pairs
931,3A3,derived,胸,vote:ps1_parallel_pairs
932,3A4,derived,革,vote:ps1_parallel_pairs
933,3A5,derived,衝,vote:ps1_parallel_pairs
935,3A7,derived,料,vote:ps1_parallel_pairs
938,3AA,derived,固,vote:ps1_parallel_pairs
939,3AB,derived,達,vote:ps1_parallel_pairs
940,3AC,derived,燃,vote:ps1_parallel_pairs
941,3AD,derived,友,vote:ps1_parallel_pairs
942,3AE,derived,服,vote:ps1_parallel_pairs
943,3AF,derived,期,vote:ps1_parallel_pairs
944,3B0,derived,何,vote:ps1_parallel_pairs
945,3B1,derived,布,vote:ps1_parallel_pairs
946,3B2,derived,％,vote:ps1_parallel_pairs
947,3B3,derived,思,vote:ps1_parallel_pairs
948,3B4,derived,議,vote:ps1_parallel_pairs
949,3B5,derived,露,vote:ps1_parallel_pairs
950,3B6,derived,当,vote:ps1_parallel_pairs
951,3B7,derived,際,vote:ps1_parallel_pairs
952,3B8,derived,薄,vote:ps1_parallel_pairs
953,3B9,derived,衣,vote:ps1_parallel_pairs
955,3BB,derived,色,vote:ps1_parallel_pairs
956,3BC,derived,臭,vote:ps1_parallel_pairs
957,3BD,derived,儀,vote:ps1_parallel_pairs
958,3BE,derived,々,vote:ps1_parallel_pairs
959,3BF,derived,災,vote:ps1_parallel_pairs
960,3C0,derived,仰,vote:ps1_parallel_pairs
962,3C2,derived,走,vote:ps1_parallel_pairs
963,3C3,derived,好,vote:ps1_parallel_pairs
964,3C4,derived,忘,vote:ps1_parallel_pairs
965,3C5,derived,祝,vote:ps1_parallel_pairs
967,3C7,derived,宝,vote:ps1_parallel_pairs
968,3C8,derived,輪,vote:ps1_parallel_pairs
969,3C9,derived,紫,vote:ps1_parallel_pairs
970,3CA,derived,志,vote:ps1_parallel_pairs
971,3CB,derived,黄,vote:ps1_parallel_pairs
972,3CC,derived,冠,vote:ps1_parallel_pairs
973,3CD,derived,統,vote:ps1_parallel_pairs
974,3CE,derived,疲,vote:ps1_parallel_pairs
975,3CF,derived,労,vote:ps1_parallel_pairs
976,3D0,derived,興,vote:ps1_parallel_pairs
977,3D1,derived,首,vote:ps1_parallel_pairs
978,3D2,derived,界,vote:ps1_parallel_pairs
979,3D3,derived,晴,vote:ps1_parallel_pairs
981,3D5,derived,別,vote:ps1_parallel_pairs
982,3D6,derived,包,vote:ps1_parallel_pairs
984,3D8,derived,束,vote:ps1_parallel_pairs
986,3DA,derived,符,vote:ps1_parallel_pairs
987,3DB,derived,立,vote:ps1_parallel_pairs
988,3DC,derived,賢,vote:ps1_parallel_pairs
989,3DD,derived,交,vote:ps1_parallel_pairs
990,3DE,derived,書,vote:ps1_parallel_pairs
991,3DF,derived,租,vote:ps1_parallel_pairs
992,3E0,derived,爆,vote:ps1_parallel_pairs
993,3E1,derived,狭,vote:ps1_parallel_pairs
996,3E4,derived,雲,vote:ps1_parallel_pairs
997,3E5,derived,寄,vote:ps1_parallel_pairs
998,3E6,derived,妻,vote:ps1_parallel_pairs
1000,3E8,derived,巻,vote:ps1_parallel_pairs
1001,3E9,derived,起,vote:ps1_parallel_pairs
1003,3EB,derived,凄,vote:ps1_parallel_pairs
1005,3ED,derived,周,vote:ps1_parallel_pairs
1006,3EE,derived,奪,vote:ps1_parallel_pairs
1007,3EF,derived,禁,vote:ps1_parallel_pairs
1008,3F0,derived,忌,vote:ps1_parallel_pairs
1009,3F1,derived,象,vote:ps1_parallel_pairs
1010,3F2,derived,除,vote:ps1_parallel_pairs
1011,3F3,derived,借,vote:ps1_parallel_pairs
1012,3F4,derived,関,vote:ps1_parallel_pairs
1013,3F5,derived,係,vote:ps1_parallel_pairs
1014,3F6,derived,遅,vote:ps1_parallel_pairs
1015,3F7,derived,抵,vote:ps1_parallel_pairs
1016,3F8,derived,抗,vote:ps1_parallel_pairs
1017,3F9,derived,妨,vote:ps1_parallel_pairs
1018,3FA,derived,壁,vote:ps1_parallel_pairs
1020,3FC,derived,系,vote:ps1_parallel_pairs
1021,3FD,derived,及,vote:ps1_parallel_pairs
1022,3FE,derived,即,vote:ps1_parallel_pairs
1023,3FF,derived,会,vote:ps1_parallel_pairs
1024,400,derived,転,vote:ps1_parallel_pairs
1025,401,derived,送,vote:ps1_parallel_pairs
1026,402,derived,域,vote:ps1_parallel_pairs
1027,403,derived,灰,vote:ps1_parallel_pairs
1029,405,derived,勇,vote:ps1_parallel_pairs
1030,406,derived,鳥,vote:ps1_parallel_pairs
1031,407,derived,彼,vote:ps1_parallel_pairs
1032,408,derived,年,vote:ps1_parallel_pairs
1033,409,derived,甦,vote:ps1_parallel_pairs
1034,40A,derived,巣,vote:ps1_parallel_pairs
1035,40B,derived,張,vote:ps1_parallel_pairs
1036,40C,derived,髪,vote:ps1_parallel_pairs
1037,40D,derived,眼,vote:ps1_parallel_pairs
1038,40E,derived,海,vote:ps1_parallel_pairs
1039,40F,derived,底,vote:ps1_parallel_pairs
1042,412,derived,十,vote:ps1_parallel_pairs
1044,414,derived,恋,vote:ps1_parallel_pairs
1045,415,derived,歌,vote:ps1_parallel_pairs
1047,417,derived,残,vote:ps1_parallel_pairs
1049,419,derived,惑,vote:ps1_parallel_pairs
1050,41A,derived,囚,vote:ps1_parallel_pairs
1051,41B,derived,末,vote:ps1_parallel_pairs
1053,41D,derived,罪,vote:ps1_parallel_pairs
1055,41F,derived,婚,vote:ps1_parallel_pairs
1056,420,derived,葬,vote:ps1_parallel_pairs
1057,421,derived,筋,vote:ps1_parallel_pairs
1058,422,derived,差,vote:ps1_parallel_pairs
1060,424,derived,描,vote:ps1_parallel_pairs
1061,425,derived,角,vote:ps1_parallel_pairs
1062,426,derived,略,vote:ps1_parallel_pairs
1063,427,derived,憶,vote:ps1_parallel_pairs
1065,429,derived,～,vote:ps1_parallel_pairs
1066,42A,derived,更,vote:ps1_parallel_pairs
1067,42B,derived,示,vote:ps1_parallel_pairs
1068,42C,derived,買,vote:ps1_parallel_pairs
1070,42E,derived,誰,vote:ps1_parallel_pairs
1071,42F,derived,額,vote:ps1_parallel_pairs
1072,430,derived,況,vote:ps1_parallel_pairs
1074,432,derived,握,vote:ps1_parallel_pairs
1075,433,derived,設,vote:ps1_parallel_pairs
1077,435,derived,替,vote:ps1_parallel_pairs
1080,438,derived,景,vote:ps1_parallel_pairs
1081,439,derived,違,vote:ps1_parallel_pairs
1082,43A,derived,降,vote:ps1_parallel_pairs
1083,43B,derived,従,vote:ps1_parallel_pairs
1084,43C,derived,欲,vote:ps1_parallel_pairs
1085,43D,derived,余,vote:ps1_parallel_pairs
1086,43E,derived,供,vote:ps1_parallel_pairs
1088,440,derived,裂,vote:ps1_parallel_pairs
1089,441,derived,忍,vote:ps1_parallel_pairs
1090,442,derived,駿,vote:ps1_parallel_pairs
1091,443,derived,覇,vote:ps1_parallel_pairs
1092,444,derived,盗,vote:ps1_parallel_pairs
1093,445,derived,賊,vote:ps1_parallel_pairs
1094,446,derived,伏,vote:ps1_parallel_pairs
1095,447,derived,輸,vote:ps1_parallel_pairs
1096,448,derived,勢,vote:ps1_parallel_pairs
1097,449,derived,策,vote:ps1_parallel_pairs
1098,44A,derived,駆,vote:ps1_parallel_pairs
1099,44B,derived,研,vote:ps1_parallel_pairs
1100,44C,derived,究,vote:ps1_parallel_pairs
1101,44D,derived,脱,vote:ps1_parallel_pairs
1102,44E,derived,急,vote:ps1_parallel_pairs
1103,44F,derived,偶,vote:ps1_parallel_pairs
1104,450,derived,父,vote:ps1_parallel_pairs
1105,451,derived,病,vote:ps1_parallel_pairs
1106,452,derived,薬,vote:ps1_parallel_pairs
1107,453,derived,探,vote:ps1_parallel_pairs
1108,454,derived,共,vote:ps1_parallel_pairs
1109,455,derived,街,vote:ps1_parallel_pairs
1110,456,derived,絡,vote:ps1_parallel_pairs
1111,457,derived,救,vote:ps1_parallel_pairs
1112,458,derived,審,vote:ps1_parallel_pairs
1113,459,derived,挙,vote:ps1_parallel_pairs
1114,45A,derived,邸,vote:ps1_parallel_pairs
1116,45C,derived,舞,vote:ps1_parallel_pairs
1117,45D,derived,老,vote:ps1_parallel_pairs
1118,45E,derived,詰,vote:ps1_parallel_pairs
1119,45F,derived,問,vote:ps1_parallel_pairs
1120,460,derived,辞,vote:ps1_parallel_pairs
1121,461,derived,恨,vote:ps1_parallel_pairs
1122,462,derived,廃,vote:ps1_parallel_pairs
1124,464,derived,路,vote:ps1_parallel_pairs
1125,465,derived,城,vote:ps1_parallel_pairs
1126,466,derived,疑,vote:ps1_parallel_pairs
1127,467,derived,逃,vote:ps1_parallel_pairs
1128,468,derived,砦,vote:ps1_parallel_pairs
1129,469,derived,帰,vote:ps1_parallel_pairs
1130,46A,derived,還,vote:ps1_parallel_pairs
1131,46B,derived,壇,vote:ps1_parallel_pairs
1132,46C,derived,昆,vote:ps1_parallel_pairs
1133,46D,derived,亡,vote:ps1_parallel_pairs
1134,46E,derived,失,vote:ps1_parallel_pairs
1135,46F,derived,薦,vote:ps1_parallel_pairs
1136,470,derived,二,vote:ps1_parallel_pairs
1137,471,derived,索,vote:ps1_parallel_pairs
1138,472,derived,任,vote:ps1_parallel_pairs
1139,473,derived,樹,vote:ps1_parallel_pairs
1140,474,derived,聞,vote:ps1_parallel_pairs
1141,475,derived,党,vote:ps1_parallel_pairs
1142,476,derived,改,vote:ps1_parallel_pairs
1143,477,derived,密,vote:ps1_parallel_pairs
1144,478,derived,港,vote:ps1_parallel_pairs
1145,479,derived,肖,vote:ps1_parallel_pairs
1147,47B,derived,協,vote:ps1_parallel_pairs
1148,47C,derived,討,vote:ps1_parallel_pairs
1149,47D,derived,為,vote:ps1_parallel_pairs
1150,47E,derived,誓,vote:ps1_parallel_pairs
1151,47F,derived,居,vote:ps1_parallel_pairs
1152,480,derived,務,vote:ps1_parallel_pairs
1153,481,derived,賞,vote:ps1_parallel_pairs
1154,482,derived,犯,vote:ps1_parallel_pairs
1155,483,derived,頼,vote:ps1_parallel_pairs
1156,484,derived,想,vote:ps1_parallel_pairs
1157,485,derived,領,vote:ps1_parallel_pairs
1158,486,derived,屋,vote:ps1_parallel_pairs
1159,487,derived,敷,vote:ps1_parallel_pairs
1160,488,derived,勘,vote:ps1_parallel_pairs
1162,48A,derived,預,vote:ps1_parallel_pairs
1163,48B,derived,計,vote:ps1_parallel_pairs
1164,48C,derived,‥,vote:ps1_parallel_pairs
1165,48D,derived,独,vote:ps1_parallel_pairs
1166,48E,derived,東,vote:ps1_parallel_pairs
1167,48F,derived,虐,vote:ps1_parallel_pairs
1168,490,derived,摘,vote:ps1_parallel_pairs
1169,491,derived,政,vote:ps1_parallel_pairs
1170,492,derived,話,vote:ps1_parallel_pairs
1171,493,derived,導,vote:ps1_parallel_pairs
1172,494,derived,卿,vote:ps1_parallel_pairs
1173,495,derived,承,vote:ps1_parallel_pairs
1174,496,derived,諾,vote:ps1_parallel_pairs
1175,497,derived,監,vote:ps1_parallel_pairs
1176,498,derived,率,vote:ps1_parallel_pairs
1177,499,derived,艇,vote:ps1_parallel_pairs
1178,49A,derived,応,vote:ps1_parallel_pairs
1179,49B,derived,厚,vote:ps1_parallel_pairs
1180,49C,derived,陣,vote:ps1_parallel_pairs
1182,49E,derived,処,vote:ps1_parallel_pairs
1185,4A1,derived,殿,vote:ps1_parallel_pairs
1186,4A2,derived,返,vote:ps1_parallel_pairs
1188,4A4,derived,衆,vote:ps1_parallel_pairs
1189,4A5,derived,演,vote:ps1_parallel_pairs
1190,4A6,derived,請,vote:ps1_parallel_pairs
1191,4A7,derived,陽,vote:ps1_parallel_pairs
1192,4A8,derived,門,vote:ps1_parallel_pairs
1193,4A9,derived,侵,vote:ps1_parallel_pairs
1194,4AA,derived,悟,vote:ps1_parallel_pairs
1195,4AB,derived,徐,vote:ps1_parallel_pairs
1196,4AC,derived,訪,vote:ps1_parallel_pairs
1197,4AD,derived,閉,vote:ps1_parallel_pairs
1198,4AE,derived,征,vote:ps1_parallel_pairs
1199,4AF,derived,横,vote:ps1_parallel_pairs
1200,4B0,derived,線,vote:ps1_parallel_pairs
1203,4B3,derived,載,vote:ps1_parallel_pairs
1205,4B5,derived,旋,vote:ps1_parallel_pairs
1207,4B7,derived,宣,vote:ps1_parallel_pairs
1208,4B8,derived,船,vote:ps1_parallel_pairs
1209,4B9,derived,抱,vote:ps1_parallel_pairs
1210,4BA,derived,炉,vote:ps1_parallel_pairs
1211,4BB,derived,峙,vote:ps1_parallel_pairs
1212,4BC,derived,識,vote:ps1_parallel_pairs
1213,4BD,derived,階,vote:ps1_parallel_pairs
1214,4BE,derived,語,vote:ps1_parallel_pairs
1215,4BF,derived,軌,vote:ps1_parallel_pairs
1216,4C0,derived,楕,vote:ps1_parallel_pairs
1217,4C1,derived,円,vote:ps1_parallel_pairs
1218,4C2,derived,平,vote:ps1_parallel_pairs
1219,4C3,derived,諦,vote:ps1_parallel_pairs
1220,4C4,derived,結,vote:ps1_parallel_pairs
1221,4C5,derived,阻,vote:ps1_parallel_pairs
1222,4C6,derived,夜,vote:ps1_parallel_pairs
1223,4C7,derived,崖,vote:ps1_parallel_pairs
1224,4C8,derived,留,vote:ps1_parallel_pairs
1226,4CA,derived,占,vote:ps1_parallel_pairs
1227,4CB,derived,拠,vote:ps1_parallel_pairs
1228,4CC,derived,悲,vote:ps1_parallel_pairs
1229,4CD,derived,瀕,vote:ps1_parallel_pairs
1230,4CE,derived,荷,vote:ps1_parallel_pairs
1231,4CF,derived,担,vote:ps1_parallel_pairs
1232,4D0,derived,宙,vote:ps1_parallel_pairs
1233,4D1,derived,艦,vote:ps1_parallel_pairs
1236,4D4,derived,犠,vote:ps1_parallel_pairs
1237,4D5,derived,牲,vote:ps1_parallel_pairs
1238,4D6,derived,遺,vote:ps1_parallel_pairs
1239,4D7,derived,絶,vote:ps1_parallel_pairs
1240,4D8,derived,埋,vote:ps1_parallel_pairs
1241,4D9,derived,疎,vote:ps1_parallel_pairs
1242,4DA,derived,戒,vote:ps1_parallel_pairs
1243,4DB,derived,案,vote:ps1_parallel_pairs
1244,4DC,derived,散,vote:ps1_parallel_pairs
1245,4DD,derived,質,vote:ps1_parallel_pairs
1246,4DE,derived,免,vote:ps1_parallel_pairs
1247,4DF,derived,航,vote:ps1_parallel_pairs
1248,4E0,derived,如,vote:ps1_parallel_pairs
1249,4E1,derived,誤,vote:ps1_parallel_pairs
1250,4E2,derived,託,vote:ps1_parallel_pairs
1251,4E3,derived,＝,vote:ps1_parallel_pairs
1252,4E4,derived,牽,vote:ps1_parallel_pairs
1254,4E6,derived,被,vote:ps1_parallel_pairs
1255,4E7,derived,避,vote:ps1_parallel_pairs
1256,4E8,derived,堕,vote:ps1_parallel_pairs
1257,4E9,derived,辛,vote:ps1_parallel_pairs
1258,4EA,derived,育,vote:ps1_parallel_pairs
1259,4EB,derived,項,vote:ps1_parallel_pairs
1260,4EC,derived,願,vote:ps1_parallel_pairs
1261,4ED,derived,完,vote:ps1_parallel_pairs
1262,4EE,derived,予,vote:ps1_parallel_pairs
1263,4EF,derived,∑,vote:ps1_parallel_pairs
1264,4F0,derived,仮,vote:ps1_parallel_pairs
1265,4F1,derived,培,vote:ps1_parallel_pairs
1266,4F2,derived,養,vote:ps1_parallel_pairs
1267,4F3,derived,液,vote:ps1_parallel_pairs
1269,4F5,derived,磨,vote:ps1_parallel_pairs
1271,4F7,derived,宮,vote:ps1_parallel_pairs
1272,4F8,derived,瓶,vote:ps1_parallel_pairs
1273,4F9,derived,双,vote:ps1_parallel_pairs
1280,500,derived,遂,vote:ps1_parallel_pairs
1281,501,derived,学,vote:ps1_parallel_pairs
1282,502,derived,懐,vote:ps1_parallel_pairs
1283,503,derived,屈,vote:ps1_parallel_pairs
1284,504,derived,私,vote:ps1_parallel_pairs
1285,505,derived,義,vote:ps1_parallel_pairs
1287,507,derived,脳,vote:ps1_parallel_pairs
1291,50B,derived,権,vote:ps1_parallel_pairs
1292,50C,derived,醒,vote:ps1_parallel_pairs
1293,50D,derived,魂,vote:ps1_parallel_pairs
1294,50E,derived,臨,vote:ps1_parallel_pairs
1295,50F,derived,譬,vote:ps1_parallel_pairs
1296,510,derived,我,vote:ps1_parallel_pairs
1297,511,derived,個,vote:ps1_parallel_pairs
1298,512,derived,忠,vote:ps1_parallel_pairs
1300,514,derived,刺,vote:ps1_parallel_pairs
1301,515,derived,紹,vote:ps1_parallel_pairs
1302,516,derived,介,vote:ps1_parallel_pairs
1304,518,derived,概,vote:ps1_parallel_pairs
1305,519,derived,良,vote:ps1_parallel_pairs
1306,51A,derived,奴,vote:ps1_parallel_pairs
1307,51B,derived,嫌,vote:ps1_parallel_pairs
1308,51C,derived,悩,vote:ps1_parallel_pairs
1309,51D,derived,暇,vote:ps1_parallel_pairs
1310,51E,derived,構,vote:ps1_parallel_pairs
1311,51F,derived,駄,vote:ps1_parallel_pairs
1312,520,derived,裏,vote:ps1_parallel_pairs
1313,521,derived,訳,vote:ps1_parallel_pairs
1314,522,derived,荒,vote:ps1_parallel_pairs
1315,523,derived,休,vote:ps1_parallel_pairs
1316,524,derived,油,vote:ps1_parallel_pairs
1317,525,derived,申,vote:ps1_parallel_pairs
1320,528,derived,抑,vote:ps1_parallel_pairs
1321,529,derived,植,vote:ps1_parallel_pairs
1322,52A,derived,俺,vote:ps1_parallel_pairs
1323,52B,derived,迎,vote:ps1_parallel_pairs
1324,52C,derived,台,vote:ps1_parallel_pairs
1325,52D,derived,橋,vote:ps1_parallel_pairs
1326,52E,derived,迂,vote:ps1_parallel_pairs
1327,52F,derived,慢,vote:ps1_parallel_pairs
1329,531,derived,顔,vote:ps1_parallel_pairs
1330,532,derived,答,vote:ps1_parallel_pairs
1331,533,derived,ヶ,vote:ps1_parallel_pairs
1332,534,derived,致,vote:ps1_parallel_pairs
1333,535,derived,観,vote:ps1_parallel_pairs
1334,536,derived,赦,vote:ps1_parallel_pairs
1336,538,derived,眺,vote:ps1_parallel_pairs
1337,539,derived,笑,vote:ps1_parallel_pairs
1338,53A,derived,困,vote:ps1_parallel_pairs
1339,53B,derived,偉,vote:ps1_parallel_pairs
1340,53C,derived,貸,vote:ps1_parallel_pairs
1341,53D,derived,冒,vote:ps1_parallel_pairs
1342,53E,derived,君,vote:ps1_parallel_pairs
1343,53F,derived,礼,vote:ps1_parallel_pairs
1344,540,derived,騒,vote:ps1_parallel_pairs
1345,541,derived,悔,vote:ps1_parallel_pairs
1346,542,derived,僕,vote:ps1_parallel_pairs
1347,543,derived,迷,vote:ps1_parallel_pairs
1348,544,derived,甘,vote:ps1_parallel_pairs
1349,545,derived,挟,vote:ps1_parallel_pairs
1350,546,derived,恕,vote:ps1_parallel_pairs
1351,547,derived,柵,vote:ps1_parallel_pairs
1352,548,derived,玉,vote:ps1_parallel_pairs
1353,549,derived,微,vote:ps1_parallel_pairs
1354,54A,derived,緒,vote:ps1_parallel_pairs
1355,54B,derived,穴,vote:ps1_parallel_pairs
1356,54C,derived,泣,vote:ps1_parallel_pairs
1357,54D,derived,痛,vote:ps1_parallel_pairs
1358,54E,derived,展,vote:ps1_parallel_pairs
1359,54F,derived,栄,vote:ps1_parallel_pairs
1360,550,derived,丁,vote:ps1_parallel_pairs
1361,551,derived,責,vote:ps1_parallel_pairs
1362,552,derived,樽,vote:ps1_parallel_pairs
1363,553,derived,拒,vote:ps1_parallel_pairs
1364,554,derived,評,vote:ps1_parallel_pairs
1365,555,derived,歯,vote:ps1_parallel_pairs
1367,557,derived,寂,vote:ps1_parallel_pairs
1368,558,derived,妙,vote:ps1_parallel_pairs
1369,559,derived,孤,vote:ps1_parallel_pairs
1370,55A,derived,第,vote:ps1_parallel_pairs
1371,55B,derived,姉,vote:ps1_parallel_pairs
1372,55C,derived,扉,vote:ps1_parallel_pairs
1373,55D,derived,鍵,vote:ps1_parallel_pairs
1374,55E,derived,寝,vote:ps1_parallel_pairs
1375,55F,derived,嬉,vote:ps1_parallel_pairs
1377,561,derived,南,vote:ps1_parallel_pairs
1378,562,derived,錠,vote:ps1_parallel_pairs
1379,563,derived,登,vote:ps1_parallel_pairs
1380,564,derived,箱,vote:ps1_parallel_pairs
1381,565,derived,坊,vote:ps1_parallel_pairs
1382,566,derived,弟,vote:ps1_parallel_pairs
1383,567,derived,譲,vote:ps1_parallel_pairs
1384,568,derived,飲,vote:ps1_parallel_pairs
1385,569,derived,煙,vote:ps1_parallel_pairs
1386,56A,derived,鳩,vote:ps1_parallel_pairs
1387,56B,derived,静,vote:ps1_parallel_pairs
1388,56C,derived,伸,vote:ps1_parallel_pairs
1389,56D,derived,鳴,vote:ps1_parallel_pairs
1390,56E,derived,袋,vote:ps1_parallel_pairs
1394,572,derived,吊,vote:ps1_parallel_pairs
1395,573,derived,奥,vote:ps1_parallel_pairs
1396,574,derived,枚,vote:ps1_parallel_pairs
1397,575,derived,招,vote:ps1_parallel_pairs
1398,576,derived,券,vote:ps1_parallel_pairs
1399,577,derived,枝,vote:ps1_parallel_pairs
1400,578,derived,腕,vote:ps1_parallel_pairs
1401,579,derived,深,vote:ps1_parallel_pairs
1402,57A,derived,捜,vote:ps1_parallel_pairs
1403,57B,derived,腹,vote:ps1_parallel_pairs
1404,57C,derived,喰,vote:ps1_parallel_pairs
1405,57D,derived,汚,vote:ps1_parallel_pairs
1406,57E,derived,例,vote:ps1_parallel_pairs
1407,57F,derived,遊,vote:ps1_parallel_pairs
1408,580,derived,姫,vote:ps1_parallel_pairs
1409,581,derived,万,vote:ps1_parallel_pairs
1412,584,derived,謝,vote:ps1_parallel_pairs
1413,585,derived,偽,vote:ps1_parallel_pairs
1414,586,derived,耳,vote:ps1_parallel_pairs
1415,587,derived,臣,vote:ps1_parallel_pairs
1416,588,derived,央,vote:ps1_parallel_pairs
1417,589,derived,題,vote:ps1_parallel_pairs
1418,58A,derived,週,vote:ps1_parallel_pairs
1419,58B,derived,嘘,vote:ps1_parallel_pairs
1420,58C,derived,刑,vote:ps1_parallel_pairs
1421,58D,derived,湖,vote:ps1_parallel_pairs
1422,58E,derived,払,vote:ps1_parallel_pairs
1423,58F,derived,搾,vote:ps1_parallel_pairs
1424,590,derived,誘,vote:ps1_parallel_pairs
1425,591,derived,朝,vote:ps1_parallel_pairs
1426,592,derived,濡,vote:ps1_parallel_pairs
1427,593,derived,花,vote:ps1_parallel_pairs
1429,595,derived,七,vote:ps1_parallel_pairs
1430,596,derived,青,vote:ps1_parallel_pairs
1431,597,derived,愚,vote:ps1_parallel_pairs
1432,598,derived,仇,vote:ps1_parallel_pairs
1433,599,derived,伐,vote:ps1_parallel_pairs
1434,59A,derived,律,vote:ps1_parallel_pairs
1435,59B,derived,故,vote:ps1_parallel_pairs
1436,59C,derived,蓄,vote:ps1_parallel_pairs
1437,59D,derived,飢,vote:ps1_parallel_pairs
1438,59E,derived,納,vote:ps1_parallel_pairs
1439,59F,derived,桁,vote:ps1_parallel_pairs
1440,5A0,derived,卵,vote:ps1_parallel_pairs
1441,5A1,derived,骸,vote:ps1_parallel_pairs
1442,5A2,derived,咲,vote:ps1_parallel_pairs
1444,5A4,derived,裕,vote:ps1_parallel_pairs
1445,5A5,derived,陛,vote:ps1_parallel_pairs
1448,5A8,derived,牢,vote:ps1_parallel_pairs
1449,5A9,derived,裁,vote:ps1_parallel_pairs
1450,5AA,derived,甲,vote:ps1_parallel_pairs
1451,5AB,derived,庄,vote:ps1_parallel_pairs
1452,5AC,derived,易,vote:ps1_parallel_pairs
1524,5F4,derived,○,vote:ps1_parallel_pairs
1525,5F5,derived,頂,vote:ps1_parallel_pairs
1526,5F6,derived,貰,vote:ps1_parallel_pairs
1527,5F7,derived,測,vote:ps1_parallel_pairs
1532,5FC,derived,企,vote:ps1_parallel_pairs
1533,5FD,derived,焼,vote:ps1_parallel_pairs
1534,5FE,derived,排,vote:ps1_parallel_pairs
1535,5FF,derived,図,vote:ps1_parallel_pairs
1536,600,derived,諸,vote:ps1_parallel_pairs
1537,601,derived,憩,vote:ps1_parallel_pairs
1539,603,derived,零,vote:ps1_parallel_pairs
1540,604,derived,館,vote:ps1_parallel_pairs
1541,605,derived,産,vote:ps1_parallel_pairs
1542,606,derived,互,vote:ps1_parallel_pairs
1543,607,derived,献,vote:ps1_parallel_pairs
1544,608,derived,遣,vote:ps1_parallel_pairs
1546,60A,derived,慮,vote:ps1_parallel_pairs
1547,60B,derived,丸,vote:ps1_parallel_pairs
1548,60C,derived,盛,vote:ps1_parallel_pairs
1549,60D,derived,掘,vote:ps1_parallel_pairs
1551,60F,derived,試,vote:ps1_parallel_pairs
1553,611,derived,恩,vote:ps1_parallel_pairs
1556,614,derived,怯,vote:ps1_parallel_pairs
1558,616,derived,札,vote:ps1_parallel_pairs
1560,618,derived,稼,vote:ps1_parallel_pairs
1561,619,derived,潰,vote:ps1_parallel_pairs
1562,61A,derived,陥,vote:ps1_parallel_pairs
1563,61B,derived,室,vote:ps1_parallel_pairs
1564,61C,derived,停,vote:ps1_parallel_pairs
1565,61D,derived,締,vote:ps1_parallel_pairs
1566,61E,derived,隔,vote:ps1_parallel_pairs
1567,61F,derived,覧,vote:ps1_parallel_pairs
1568,620,derived,勧,vote:ps1_parallel_pairs
1570,622,derived,廷,vote:ps1_parallel_pairs
1571,623,derived,詫,vote:ps1_parallel_pairs
1573,625,derived,雨,vote:ps1_parallel_pairs
1574,626,derived,弁,vote:ps1_parallel_pairs
1576,628,derived,窟,vote:ps1_parallel_pairs
1577,629,derived,貧,vote:ps1_parallel_pairs
1578,62A,derived,趣,vote:ps1_parallel_pairs
1579,62B,derived,隙,vote:ps1_parallel_pairs
1582,62E,derived,枢,vote:ps1_parallel_pairs
1583,62F,derived,博,vote:ps1_parallel_pairs
1586,632,derived,維,vote:ps1_parallel_pairs
1587,633,derived,節,vote:ps1_parallel_pairs
1590,636,derived,隣,vote:ps1_parallel_pairs
1591,637,derived,局,vote:ps1_parallel_pairs
1592,638,derived,暮,vote:ps1_parallel_pairs
1593,639,derived,芽,vote:ps1_parallel_pairs
1594,63A,derived,土,vote:ps1_parallel_pairs
1595,63B,derived,融,vote:ps1_parallel_pairs
1602,642,derived,紛,vote:ps1_parallel_pairs
1603,643,derived,苗,vote:ps1_parallel_pairs
1604,644,derived,努,vote:ps1_parallel_pairs
1605,645,derived,励,vote:ps1_parallel_pairs
1609,649,derived,促,vote:ps1_parallel_pairs
1610,64A,derived,繁,vote:ps1_parallel_pairs
1613,64D,derived,惜,vote:ps1_parallel_pairs
1615,64F,derived,添,vote:ps1_parallel_pairs
1619,653,derived,茶,vote:ps1_parallel_pairs
1620,654,derived,晩,vote:ps1_parallel_pairs
1621,655,derived,郷,vote:ps1_parallel_pairs
1626,65A,derived,逝,vote:ps1_parallel_pairs
1628,65C,derived,皮,vote:ps1_parallel_pairs
1629,65D,derived,就,vote:ps1_parallel_pairs
1632,660,derived,♡,vote:ps1_parallel_pairs
1633,661,derived,寧,vote:ps1_parallel_pairs
1634,662,derived,軟,vote:ps1_parallel_pairs
1635,663,derived,鼻,vote:ps1_parallel_pairs
1636,664,derived,婦,vote:ps1_parallel_pairs
1639,667,derived,宅,vote:ps1_parallel_pairs
1640,668,derived,拳,vote:ps1_parallel_pairs
1643,66B,derived,戚,vote:ps1_parallel_pairs
1644,66C,derived,商,vote:ps1_parallel_pairs
1645,66D,derived,掃,vote:ps1_parallel_pairs
1649,671,derived,写,vote:ps1_parallel_pairs
1651,673,derived,粋,vote:ps1_parallel_pairs
1657,679,derived,倉,vote:ps1_parallel_pairs
1658,67A,derived,庫,vote:ps1_parallel_pairs
1659,67B,derived,叫,vote:ps1_parallel_pairs
1660,67C,derived,採,vote:ps1_parallel_pairs
1661,67D,derived,換,vote:ps1_parallel_pairs
1663,67F,derived,曲,vote:ps1_parallel_pairs
1667,683,derived,奏,vote:ps1_parallel_pairs
1669,685,derived,飽,vote:ps1_parallel_pairs
1677,68D,derived,丘,vote:ps1_parallel_pairs
1678,68E,derived,春,vote:ps1_parallel_pairs
1682,692,derived,汁,vote:ps1_parallel_pairs
1689,699,derived,↓,vote:ps1_parallel_pairs
1691,69B,derived,複,vote:ps1_parallel_pairs
1692,69C,derived,酒,vote:ps1_parallel_pairs
1693,69D,derived,^,vote:ps1_parallel_pairs
1694,69E,derived,妹,vote:ps1_parallel_pairs
1695,69F,derived,論,vote:ps1_parallel_pairs
1697,6A1,derived,医,vote:ps1_parallel_pairs
1700,6A4,derived,迫,vote:ps1_parallel_pairs
1701,6A5,derived,忙,vote:ps1_parallel_pairs
1702,6A6,derived,酬,vote:ps1_parallel_pairs
1704,6A8,derived,網,vote:ps1_parallel_pairs
1705,6A9,derived,社,vote:ps1_parallel_pairs
1707,6AB,derived,至,vote:ps1_parallel_pairs
1710,6AE,derived,絵,vote:ps1_parallel_pairs
1711,6AF,derived,糸,vote:ps1_parallel_pairs
1712,6B0,derived,謁,vote:ps1_parallel_pairs
1717,6B5,derived,拾,vote:ps1_parallel_pairs
1718,6B6,derived,膨,vote:ps1_parallel_pairs
1719,6B7,derived,蘇,vote:ps1_parallel_pairs
1722,6BA,derived,院,vote:ps1_parallel_pairs
1723,6BB,derived,賛,vote:ps1_parallel_pairs
1724,6BC,derived,境,vote:ps1_parallel_pairs
1727,6BF,derived,営,vote:ps1_parallel_pairs
1731,6C3,derived,翌,vote:ps1_parallel_pairs
1732,6C4,derived,昼,vote:ps1_parallel_pairs
1733,6C5,derived,推,vote:ps1_parallel_pairs
1734,6C6,derived,蜂,vote:ps1_parallel_pairs
1735,6C7,derived,農,vote:ps1_parallel_pairs
1737,6C9,derived,釈,vote:ps1_parallel_pairs
1745,6D1,derived,削,vote:ps1_parallel_pairs
1748,6D4,derived,填,vote:ps1_parallel_pairs
1749,6D5,derived,縛,vote:ps1_parallel_pairs
1750,6D6,derived,堤,vote:ps1_parallel_pairs
1753,6D9,derived,胞,vote:ps1_parallel_pairs
1756,6DC,derived,售,vote:ps1_parallel_pairs
1762,6E2,derived,枯,vote:ps1_parallel_pairs
1763,6E3,derived,渇,vote:ps1_parallel_pairs
1771,6EB,derived,綺,vote:ps1_parallel_pairs
1772,6EC,derived,麗,vote:ps1_parallel_pairs
1784,6F8,derived,草,vote:ps1_parallel_pairs
1787,6FB,derived,莱,vote:ps1_parallel_pairs
1788,6FC,derived,洋,vote:ps1_parallel_pairs
1789,6FD,derived,耗,vote:ps1_parallel_pairs
1790,6FE,derived,克,vote:ps1_parallel_pairs
1791,6FF,derived,掌,vote:ps1_parallel_pairs
1792,700,derived,頻,vote:ps1_parallel_pairs
1802,70A,derived,飯,vote:ps1_parallel_pairs
1814,716,derived,華,vote:ps1_parallel_pairs
